,0,1,2
0,50.0,0.6810786592005811,1.6999002410477324
1,49.98027614200019,0.6188840411137422,1.7016945382212754
2,50.00865831972968,1.271705174805999,1.6118056245683405
3,49.95054030394193,1.8740785246102065,1.7763342654582805
4,49.87815599928708,2.469704679087991,1.8705738384865542
5,49.93564628171777,3.157218402452691,1.6499356708287491
6,49.867678425347165,3.76267857966462,1.7127447627005186
7,49.82213753558732,4.387746047281139,1.6289788976586461
8,49.7711933157091,5.011840980504288,1.820715693873069
9,49.71721046846701,5.6357733407573924,1.6661571313548418
10,49.565805427718004,6.1836064690669055,2.031189820140108
11,49.526488721142044,6.827032635583371,1.6938508503455711
12,49.4495204062945,7.44103030053306,1.7528007590736268
13,49.33030779714915,8.019521310933934,1.8079275555515206
14,49.210947943647035,8.598793846828327,1.825979898959722
15,49.14044976350747,9.229301509799226,1.8009324757416802
16,48.992086234862164,9.784153644630917,1.7260018219218178
17,48.87933328842551,10.375871308611826,1.7654246526317348
18,48.7452396224932,10.948472339600542,1.7565625624793544
19,48.56051124075662,11.467940903807426,2.006412052083892
20,48.43764637686512,12.053698000814292,1.6819034624420652
21,48.28376259307873,12.60579737097176,1.942742456380591
22,48.07997328638079,13.107337823851454,1.839384896336334
23,47.929308421169615,13.66329224780881,1.986097812038869
24,47.72213857120264,14.159404017114566,1.8596562095575262
25,47.61104448041172,14.75569495339037,1.6600324103994968
26,47.34498524742674,15.187452767800076,2.0566316988167443
27,47.16648282554934,15.709563980580482,2.012713146808153
28,46.91941145964207,16.15847831034534,1.9983216575963691
29,46.67970504041921,16.611339789182402,2.1682547977648543
30,46.50118849121247,17.126288080281014,1.9997631318996767
31,46.27525837019102,17.58871238608278,2.057185297940239
32,46.03046668134099,18.027965869227977,2.06893533337026
33,45.7463668079037,18.422216969162974,2.0996847988741276
34,45.49994447392902,18.850239105011298,2.1146172331650197
35,45.27410471424038,19.298090308893194,1.8367222242238803
36,44.98298237215295,19.671005728242758,2.270603090259166
37,44.70963445906832,20.057576176602993,2.2205182227159934
38,44.390819346177736,20.39070903851024,2.2936178027558753
39,44.10193198283566,20.751300023206607,2.2741172825449727
40,43.83840795142215,21.133809076246934,2.183038424066563
41,43.50091480429299,21.42846612014546,2.536025723949816
42,43.1576362492494,21.710722199966128,2.5356723106473744
43,42.85579454427547,22.032640393936777,2.336028332858163
44,42.5951238963303,22.399657279757943,2.232209873638044
45,42.160806874899976,22.554152611225472,2.8524704806029293
46,41.89644345823959,22.90423482308568,2.2081451362817592
47,41.46174578555135,23.042084588950168,3.0245090268500574
48,41.153699186410506,23.327367780153697,2.257119090804176
49,40.86038035949804,23.630244081758946,2.527745591704017
50,40.50445982121956,23.845167003432426,2.6187993109195276
51,40.059405387241064,23.93813885403363,3.12106215256747
52,39.66875938872503,24.093703733519476,2.9385635431776524
53,39.29850274390608,24.26928593142093,2.707397121796216
54,38.895116804872835,24.39304661406319,2.7987620633129158
55,38.52548073858936,24.557067465612786,2.5763818954375477
56,38.12688731834374,24.674379610366902,2.8925346405792434
57,37.72610508639266,24.78101174563503,2.8266691534677015
58,37.28640926421638,24.824814182468295,2.9736691521402125
59,36.86076983841322,24.881138102357486,2.9620728155710534
60,36.46549653581707,24.97612640012418,2.9627884534284696
61,36.03408240442552,25.010769369266328,-3.069533775852193
62,35.58298948072103,25.007283686326808,-3.126817941549216
63,35.119551638728964,24.977072532911336,-2.942200854006682
64,34.67487808156381,24.969421623689243,-3.069504859940383
65,34.24545123492526,24.979839935432278,3.038549409423818
66,33.776690952528156,24.92059028275883,-3.029084246122355
67,33.30345648382048,24.844918110035813,-2.891215692115651
68,32.82510638916761,24.754078293706797,-2.9490143777491458
69,32.3553003097843,24.67166102457835,-2.821430211070123
70,31.847620765104423,24.514401076858753,-2.8605355507637342
71,31.39623050112215,24.453404977118634,-3.087058594251771
72,30.885206269833315,24.276558822669205,-2.823164877861488
73,30.372760698903974,24.088873461810966,-2.7738156874107864
74,29.89603057662719,23.9644094427794,-2.808437584207421
75,29.3853645817475,23.768651905046124,-2.6783883572515634
76,28.88404496135816,23.5853315376984,-2.8974730939833964
77,28.392430305785663,23.418300461329927,-2.7866540825404273
78,27.830038525225028,23.09819579831725,-2.5062518839672876
79,27.326333881575614,22.895019009118034,-2.795079271323686
80,26.826867194087054,22.698209092193935,-2.676945652208369
81,26.253916779024344,22.33541742510846,-2.568476079082878
82,25.731183242696456,22.077599963436764,-2.6793119073640126
83,25.18238863479598,21.75802427764813,-2.7795150876788375
84,24.638774245609508,21.443835942055713,-2.703096441667009
85,24.096225853842277,21.128237740394688,-2.704631285055145
86,23.533154401313432,20.76023976074268,-2.6653374210086063
87,22.993805037441117,20.444294311623732,-2.6171986750111067
88,22.386891881681482,19.961658690231637,-2.3034930749361644
89,21.889647253794255,19.739001519135492,-2.732726239016411
90,21.284976363275582,19.253840904685408,-2.5608244525357122
91,20.712394357581008,18.840534311495254,-2.545705314091891
92,20.156059170640034,18.46403381278822,-2.5290041398403558
93,19.578180754740476,18.031024995132313,-2.4531528439873265
94,18.96734578607153,17.513477454411962,-2.332993332362064
95,18.41425349241831,17.132976496033457,-2.3040517143871035
96,17.81081255444749,16.626548814804462,-2.3038742977414017
97,17.21477202828157,16.134448602655386,-2.446864913108943
98,16.635031531961896,15.678039991308152,-2.3081747752084714
99,16.06004079030679,15.22870530334919,-2.4840563097957578
100,15.450572329221352,14.694011997539647,-2.441831684583423
101,14.867305950113156,14.21771725856402,-2.416520523523221
102,14.252731101583544,13.663960269457387,-2.4439540895597784
103,13.681456186127086,13.20725428172195,-2.5075575618064594
104,13.040956803426658,12.588152648997239,-2.482339593885437
105,12.45546435233472,12.091675190726354,-2.4169349750121345
106,11.803933732351112,11.441977114340208,-2.42498530190449
107,11.217490215269203,10.93703348168037,-2.3292464031581637
108,10.603395668724431,10.366266357800974,-2.383648436359588
109,9.977686113972728,9.766653465450252,-2.3104584280563896
110,9.340503014407448,9.137749592617295,-2.4257595610951435
111,8.739794818429909,8.589794530552703,-2.3602597575622486
112,8.131462951648077,8.02259486775828,-2.443056881846817
113,7.520661901084554,7.448590362570662,-2.2469189947451333
114,6.890812141173871,6.826820438393875,-2.336721244207309
115,6.270355239957466,6.226589406948387,-2.3319943773370557
116,5.632117312819904,5.579838970198804,-2.3443073911238903
117,5.011707997333782,4.976632091651965,-2.252825352082946
118,4.392736825030699,4.375941040931417,-2.466815334918174
119,3.767882059988042,3.7600469100372815,-2.386919721980911
120,3.1417385005692053,3.139686564677746,-2.394025461038529
121,2.513351422440315,2.512411630745668,-2.2976087063385777
122,1.884447352567001,1.882911611096337,-2.2048018685204807
123,1.256231165468475,1.255244453611653,-2.4478089794657003
124,0.6281040393187232,0.6279532118025064,-2.511058488737204
125,7.622702720561699e-05,0.0007777765751419887,-2.232501783429856
126,-0.6287725885750014,-0.6296111484503906,-2.341452485550335
127,-1.25710171156785,-1.2578848438039048,-2.5067329358742154
128,-1.8849415406270487,-1.8843793086594163,-2.3957605046595933
129,-2.5125543836039634,-2.5100438672925574,-2.3415593370084564
130,-3.135997921466249,-3.12373196562156,-2.3093561512285032
131,-3.7651375263251023,-3.7524238585858263,-2.411810646377093
132,-4.394361353025329,-4.3803479900723525,-2.4097793453135448
133,-5.010647241154537,-4.973665884150764,-2.319067389036809
134,-5.64813595909661,-5.620399824710346,-2.445613005838991
135,-6.270673931674576,-6.227279806258458,-2.2425581559220364
136,-6.89451201830215,-6.836691020294852,-2.5060612326663954
137,-7.521882963099591,-7.451181719487511,-2.2471682389389596
138,-8.135281824008267,-8.031837255647638,-2.462593149574821
139,-8.739735423215034,-8.589300425234374,-2.629133523117026
140,-9.378513823520017,-9.224242147705143,-2.479723566719127
141,-9.981742094507565,-9.775598381887582,-2.3638088223130733
142,-10.604023213723158,-10.367710696281703,-2.2966026516390956
143,-11.201939886356556,-10.901767523845605,-2.2359340433773354
144,-11.817769155839326,-11.473275622595384,-2.3809676607346377
145,-12.419187667860896,-12.009143268193052,-2.3229116987878116
146,-13.041251937781896,-12.588789079217028,-2.362739897436578
147,-13.636937737698238,-13.104969423308745,-2.4163275613300006
148,-14.255292400536952,-13.669917279965698,-2.4720886183846194
149,-14.886066274620958,-14.2610565760361,-2.3491369838281257
150,-15.463615717943968,-14.724673370815633,-2.305524158554471
151,-16.061696916452043,-15.232915808645112,-2.4454567909230285
152,-16.645186610400756,-15.702285640585504,-2.5068292841330124
153,-17.239619058567285,-16.194354884283353,-2.343905926361414
154,-17.818467563778604,-16.64522398549627,-2.53344267800163
155,-18.425536127878964,-17.16050852087265,-2.553666659794265
156,-18.965488472281255,-17.508773781707195,-2.5173388146338285
157,-19.545448355732596,-17.950750711824487,-2.6343208896215993
158,-20.13038276950567,-18.400766227429514,-2.5137744878957644
159,-20.7329479627443,-18.89108247787174,-2.514532542264537
160,-21.295586329599775,-19.279085520956553,-2.595066796613304
161,-21.85232165625269,-19.648849770963036,-2.5846987770326137
162,-22.432305595001523,-20.070703769889516,-2.3154936711028498
163,-22.993418428307873,-20.443244045041826,-2.6841976832655665
164,-23.562270863749124,-20.82883047192012,-2.697407734623801
165,-24.106240411940494,-21.151522798239142,-2.614813651683793
166,-24.639767307293987,-21.44583434768113,-2.528346933397047
167,-25.175562814646803,-21.74184160595238,-2.6733614490069377
168,-25.717477885711403,-22.046980647981552,-2.613261741240322
169,-26.211272486997544,-22.24111367278682,-2.6874628761677637
170,-26.778085770500137,-22.591522477217907,-2.650287688020367
171,-27.323559491218262,-22.889668503264183,-2.701476935602109
172,-27.834040113677542,-23.106408291184515,-2.7122324064492003
173,-28.350188605936363,-23.330938725930316,-2.900134457773404
174,-28.87559512124775,-23.568252959364994,-2.6954626294006196
175,-29.410513645662192,-23.81868502083721,-2.7821296555880544
176,-29.883777176621155,-23.940532852562423,-2.9085308374959635
177,-30.376020976615056,-24.09490395480205,-2.910137403370449
178,-30.87660611287159,-24.259810865061024,-2.892626901229484
179,-31.405884712688326,-24.47078495497544,-2.5426804758071486
180,-31.882129895074772,-24.577717931120524,-2.917591761910888
181,-32.32756166094055,-24.622759385359267,3.0935887888143148
182,-32.82698825833181,-24.75710260518737,-2.8229385469840502
183,-33.2691919995269,-24.787444585519456,-3.096950903564842
184,-33.787771172777774,-24.938322371167192,-2.9725521257955188
185,-34.25178089844975,-24.991214768158898,-3.0920178867139034
186,-34.693109714825816,-24.99963160372684,2.9940897937006152
187,-35.127287012208434,-24.989645980574593,3.0719955342093304
188,-35.55643429958346,-24.965737324028925,3.030424961672206
189,-36.01319644018615,-24.978139474654892,3.103831134456998
190,-36.45553823332619,-24.961853160980674,3.080116606724932
191,-36.871302149048276,-24.897576652708832,2.9573609832312284
192,-37.29913570469194,-24.84320893804854,2.8712034260645654
193,-37.69742337894141,-24.740059403609298,2.887430110856525
194,-38.13667276027757,-24.687419963994117,3.08945089111384
195,-38.52378968396978,-24.554756165996718,2.8392044972150687
196,-38.927886744617034,-24.43788539897546,2.7225858578927724
197,-39.30166675173948,-24.272867119884584,2.5553484909466038
198,-39.70233591918875,-24.138503093905715,3.0205714075518024
199,-40.05048958850743,-23.927503665011354,2.5492623181038425
200,-40.433009307368245,-23.752510279344975,2.639759045325296
201,-40.8566391737039,-23.624433464992528,2.777344475837407
202,-41.12893326342205,-23.299543971481718,2.31688245421467
203,-41.54961783862073,-23.150552471085483,2.667072545454271
204,-41.8784415696122,-22.88381503103046,2.426514550638558
205,-42.252394915363936,-22.66279756610723,2.4964931395679812
206,-42.56555107682774,-22.36491484009099,2.3753506208429753
207,-42.87343904397646,-22.053465979477977,2.3732873279239968
208,-43.15649238097451,-21.70909179493847,2.2782904998754336
209,-43.547199666039475,-21.48127478963802,2.6311005250512105
210,-43.806529452008476,-21.09816230128548,2.1613963177774487
211,-44.10416242906905,-20.75317563752854,2.102162538068413
212,-44.39175561266438,-20.39273822052981,2.346589435070248
213,-44.68515276958698,-20.030907737635392,2.265980986134199
214,-44.96486920521445,-19.650680266181904,2.0554596550474233
215,-45.22053635551995,-19.240910524996856,2.1309441124559676
216,-45.50762448868154,-18.858782324342233,2.259156927627938
217,-45.798179825744334,-18.476170382267867,2.177701168583157
218,-46.01442945159626,-18.010920826665895,1.9221513336045133
219,-46.251609561025134,-17.564940557939074,2.1343450108475075
220,-46.4773674561752,-17.100741704218702,2.1380822534175863
221,-46.69383658267078,-16.626010709911384,2.0888585756087377
222,-46.96630864940151,-16.207365392243624,2.027018493354243
223,-47.151997171811054,-15.69560064840049,1.8728005583025986
224,-47.3314901411625,-15.17304115585411,1.8547549356492743
225,-47.49939779581711,-14.638192791078675,1.7070789573069511
226,-47.76054883130626,-14.200237388550477,1.9341635152303276
227,-47.9091408540418,-13.642362223422284,1.883838072400505
228,-48.134802499006284,-13.165162912067622,2.022821239293851
229,-48.248215045548086,-12.568325468222156,1.7444789163208085
230,-48.42343484419781,-12.03834829255989,1.9712217912825434
231,-48.59743462972793,-11.505830670711823,1.9050274517100556
232,-48.71362069051019,-10.915247644829075,1.6136152740623668
233,-48.885365125720966,-10.382487934060462,1.9276363324267312
234,-48.99023652558312,-9.781397691487149,1.795754061080702
235,-49.07986548133992,-9.17031477985826,1.6728329122778947
236,-49.192309790004245,-8.581100444153712,1.7157178088916147
237,-49.359538334555516,-8.046748294464706,1.8191767584029845
238,-49.47214485811279,-7.461245944054258,1.789758549600828
239,-49.46420520272715,-6.773535804278003,1.5058297649690608
240,-49.61534748101339,-6.225193156917302,1.7339438121515522
241,-49.709210015942354,-5.628835020451902,1.7852269567098835
242,-49.748936346866465,-4.994962461126683,1.5323822749523126
243,-49.81073815338075,-4.3778308933621455,1.6706430190543333
244,-49.82569628214413,-3.7324222138852066,1.5605144944344422
245,-49.884872981575214,-3.1220201149248554,1.6081848313206368
246,-49.888984132325845,-2.4767214554359076,1.4996030041326325
247,-50.001030685257916,-1.906937883006987,1.9014860225395198
248,-50.000616640321866,-1.2667614454573561,1.576795343773858
249,-49.96419718210589,-0.6088718072972308,1.486530383799372
250,-49.99484879650066,0.0028135701870197066,1.5570774394429483
251,-50.00816510628759,0.621222644861358,1.4554078517685891
252,-50.01522923299898,1.2393239572360149,1.4695815145358422
253,-49.91601923915781,1.909043329238978,1.4445232817909996
254,-49.91536391925655,2.520607093236906,1.6633305789745814
255,-49.8447542380143,3.161154371114297,1.318176170533997
256,-49.824190384474356,3.772044426249674,1.5729842247362065
257,-49.7521017937185,4.400906344198283,1.3634033730184445
258,-49.72913624610243,5.001189503034733,1.622030196735702
259,-49.6813271417693,5.606683407971893,1.4550628425508183
260,-49.59846777780025,6.220306039378134,1.4589826220085973
261,-49.52096829050745,6.824574875823719,1.1814246391775267
262,-49.417373183144505,7.432652451433473,1.5320454321111932
263,-49.338066914569765,8.022552033978258,1.5229253708752912
264,-49.247107956547104,8.608949495386307,1.4390494288521563
265,-49.07475806145239,9.217287066952688,1.1995734226534696
266,-48.96482135862281,9.793659488280017,1.4404935784392494
267,-48.88290775748056,10.35376444465947,1.3164361793406103
268,-48.72689842614869,10.927555347721798,1.3705504621749336
269,-48.55478206654876,11.497651138544326,1.2526811346090856
270,-48.416292851632804,12.047993877808032,1.3185084011202308
271,-48.30280275731033,12.58289538891626,1.5142841439578056
272,-48.101796485077834,13.128853961556235,1.1908852706214308
273,-47.93446997325228,13.658021295653523,1.3107591683599313
274,-47.77004282859166,14.177298739938179,1.3436918258072144
275,-47.53606273777244,14.697554229756266,1.3099008845341915
276,-47.34237564211419,15.19936159608109,1.09067599107534
277,-47.13466209454793,15.694060387615762,1.1384475961577216
278,-46.947306717023004,16.17599703160997,1.175703056371054
279,-46.75542447082316,16.6512964214404,1.0869056780513366
280,-46.48005604569788,17.113298125083574,0.9750016953635612
281,-46.26330578450178,17.567407187929884,1.3001010277598075
282,-45.9972702930944,18.005072982526602,1.0164176076757894
283,-45.772687546601425,18.440708252065587,0.9544750595332516
284,-45.523141727161125,18.862719000994698,0.9963428366026008
285,-45.18202572378622,19.236325184097428,0.6310207881955376
286,-44.96597128009091,19.654675934941103,1.0460899503597512
287,-44.699258708236385,20.044094263437895,1.0347059866109607
288,-44.40848852604665,20.410379021732826,0.9528016051784576
289,-44.1020617086883,20.75480635947515,0.8796401525686717
290,-43.82392049635981,21.11705897803778,1.0633287324223577
291,-43.505605077218156,21.4330366534998,0.6586296916642125
292,-43.21687950695135,21.780734851699126,0.8105413699364048
293,-42.878000680672486,22.059314300176947,0.7019120375808203
294,-42.540754342735795,22.331203341510076,0.6084981163039278
295,-42.232624586054776,22.64918066800417,0.7778624092201225
296,-41.883320553464024,22.895946512371918,0.5628535200630855
297,-41.539568744861015,23.144878407226624,0.7383235793529259
298,-41.172770612109545,23.35150893623872,0.5561374518933317
299,-40.82323374688063,23.590301901412797,0.4523336372235991
300,-40.45061556030327,23.77789217682651,0.48685115819399627
301,-40.08886164291013,23.990119900739373,0.5559190551195843
302,-39.69596018706924,24.126931445570957,0.20245461178022728
303,-39.31078520689612,24.278170224940016,0.4255341404749249
304,-38.89802915666229,24.359143091554028,0.11225006061266596
305,-38.51535819483513,24.52458376423952,0.27785905536370237
306,-38.097310627062946,24.587114579525792,0.0011668824893211749
307,-37.71074910415413,24.752633209652508,0.39917003486434766
308,-37.29516725692422,24.83394751235674,0.22608381254157273
309,-36.87053941859769,24.884985878819467,0.1176658663503769
310,-36.439082995918604,24.91654750880485,-0.07811662067857439
311,-36.022714363621134,25.007766145998694,0.1808078434732332
312,-35.58006097935694,25.010819339624536,0.0024064409868924663
313,-35.11854600695068,24.946910920989318,-0.2887668082864008
314,-34.68877808530533,25.0008733978824,0.06440633179118516
315,-34.222559738844225,24.932909539794682,-0.052746759257311204
316,-33.77077603227421,24.922587890976665,-0.23034871300398407
317,-33.29467121034736,24.816288336970576,-0.21691869381050077
318,-32.84400312608129,24.82017867576538,-0.14858977481716495
319,-32.361987484680476,24.704727051762816,-0.33347450738654105
320,-31.867204516634164,24.540654949669626,-0.3048929982182562
321,-31.38489848666618,24.432985938866633,-0.30660931153068827
322,-30.886989374991458,24.265775815282627,-0.2535345131619948
323,-30.40521295750186,24.17007055094196,-0.2865924380319034
324,-29.895478749495027,23.964157640334523,-0.32050758310158134
325,-29.405326614891365,23.841526408211777,-0.40940035689635446
326,-28.87700761191815,23.56799728726719,-0.509380256933845
327,-28.3817374798753,23.43120556696079,-0.5059634927403089
328,-27.836375362373833,23.09774133449816,-0.7017307177131276
329,-27.316356751529774,22.865447381339994,-0.4599665658736516
330,-26.798902591563756,22.650451321900825,-0.3436325231532349
331,-26.27037254208217,22.391481919868585,-0.508175380153328
332,-25.73159609473509,22.094649123257206,-0.6446221207969631
333,-25.192879715682963,21.799134708860286,-0.4799140420405381
334,-24.65266840952084,21.49948218320198,-0.4341365059917144
335,-24.086312401234412,21.103488732254995,-0.7058797680484012
336,-23.529500684985916,20.743253192572205,-0.5592085127437914
337,-22.97930696882692,20.409546250657417,-0.5833840829065484
338,-22.42618060184427,20.06383345150739,-0.5463279459703738
339,-21.854122082445944,19.651759937103158,-0.574515694030115
340,-21.28592345918938,19.252793653034416,-0.6042295018338435
341,-20.73671984424212,18.916603102795793,-0.49484389457356137
342,-20.14560851453009,18.439097904243557,-0.6942205056825883
343,-19.563188344735956,17.989854536803957,-0.6567714265071327
344,-18.99578551091221,17.587676489104666,-0.5580306377904689
345,-18.408523126579436,17.12114890702701,-0.6730540130306433
346,-17.832471164777964,16.686299536944198,-0.7161548912435451
347,-17.22524527071876,16.15586430500065,-0.6471334780673565
348,-16.62683130165785,15.651243468349886,-0.748468818596665
349,-16.035394958086847,15.16442729986082,-0.601659304433324
350,-15.462661308477093,14.728125824980475,-0.711152968512132
351,-14.827302022570896,14.113001039961995,-0.7369823333239629
352,-14.245180908780052,13.643980319191236,-0.6787607755159728
353,-13.652579736364839,13.142886437382524,-0.7815407335436695
354,-13.03849989321276,12.580939347777047,-0.7532513057326362
355,-12.435353224604269,12.04602176449575,-0.7369528723705221
356,-11.813352452893271,11.458729979296693,-0.6869113435936889
357,-11.199600112668618,10.891014964413278,-0.7629065094669807
358,-10.599808789438129,10.35788420474787,-0.9432206192351429
359,-9.980438357451549,9.770505880739135,-0.6008062671470871
360,-9.373877621097934,9.216406730226682,-0.8751084683850308
361,-8.747955019422875,8.606935588724697,-0.7344550040922608
362,-8.129426946558201,8.016636873640694,-0.7506117543696949
363,-7.520567376787747,7.452981228446835,-0.6974983396438708
364,-6.8884432100367174,6.82067650527245,-0.8066747531438576
365,-6.271657991054269,6.232654740056879,-0.7971397145140697
366,-5.639891986415375,5.597184954708776,-0.6095390073310094
367,-5.016512273799361,4.987852043137355,-0.6488879524978195
368,-4.393899623118562,4.380646091711574,-0.7246423063725875
369,-3.7672383878884417,3.759137671185935,-0.8554333221880825
370,-3.1409711293223466,3.1384081518826203,-0.6680692579277818
371,-2.5129770164983367,2.5121909121089123,-0.6557852714564945
372,-1.8853660401086256,1.8864077740238763,-0.7346918354917702
373,-1.2581016566015537,1.2606951602659253,-0.8661912100146578
374,-0.6288737898296932,0.6298028417804359,-0.7684366074831317
375,6.27694591154972e-05,-8.49426231528277e-05,-0.7693502013683937
376,0.62863452255657,-0.6298475982821851,-0.9305074583651627
377,1.2573134838971314,-1.2614143093060428,-0.7927764316723938
378,1.8855205951640401,-1.8869580779458301,-0.7336322266509767
379,2.512922521687728,-2.5115710207808815,-0.7632706128057363
380,3.139156931870223,-3.131893713676815,-0.7034525205112785
381,3.7657663605846285,-3.753848873879293,-0.7403292838909179
382,4.387158805239534,-4.357000272383892,-0.7808619348650878
383,5.019352008670433,-4.996987098657104,-0.8755752649382873
384,5.648857343266085,-5.626560808077412,-0.7213448494824082
385,6.269852310903344,-6.227137326863539,-0.8436657112100487
386,6.892752078882783,-6.833686515917591,-0.7943351756492083
387,7.508167053528395,-7.416997652255409,-0.6840828759237123
388,8.127700956162487,-8.011658745390044,-0.9269030241661214
389,8.758941562595961,-8.637980733808243,-0.7516529913808538
390,9.38151782130581,-9.23703071180289,-0.7836032830920838
391,9.987058477136303,-9.788691887413629,-0.7878007653473915
392,10.593043572542381,-10.34043525908867,-0.6684631432219095
393,11.222691838298147,-10.951995201075318,-0.7422801072392358
394,11.819876397964284,-11.476105419309969,-0.6393125301094633
395,12.43584361384407,-12.047362999345342,-0.6227234325591784
396,13.049100814930293,-12.609204326365512,-0.8383669742238231
397,13.670677509614183,-13.191993998452915,-0.7822782756803233
398,14.25719766467753,-13.67708595105138,-0.7749801733628763
399,14.866180480752623,-14.221603403351612,-0.7024842046338269
400,15.45305973628766,-14.7009263216764,-0.5775547640968419
401,16.040740660813565,-15.179827943028592,-0.5573699395141452
402,16.617506140907334,-15.623946637345082,-0.5495541722324
403,17.24321604746614,-16.209269503586913,-0.7351818304016899
404,17.83922848613356,-16.707072062051633,-0.8270731136968563
405,18.413071530279264,-17.13509450331122,-0.5928737751151645
406,18.99713999899001,-17.591892913733275,-0.6767927349301877
407,19.564251309540495,-17.993846787399335,-0.6399866179690932
408,20.14481608825615,-18.436225752608507,-0.6666677801619256
409,20.719287694503613,-18.857827108346612,-0.4728823192624212
410,21.27880325337713,-19.227925785986148,-0.704153093387653
411,21.85730857427621,-19.662682883810795,-0.6221456368555827
412,22.406714136304945,-19.9956720757515,-0.6368239011433068
413,22.972643482421446,-20.385754656788027,-0.4893612676805916
414,23.530475699255508,-20.747625612644878,-0.5917104506552309
415,24.08695655263176,-21.105932105363987,-0.5854523673960066
416,24.620458283017285,-21.378681506023376,-0.6490487949704713
417,25.18147294114892,-21.755993872995017,-0.6362831555643096
418,25.72241420409598,-22.05936112332754,-0.4761953597230515
419,26.261247784548907,-22.35593914994673,-0.5504374293790626
420,26.800314248115516,-22.65641193825137,-0.3379513240637717
421,27.331079816465948,-22.925180405226442,-0.5548443496071571
422,27.831053180762144,-23.077073204496596,-0.3179996969411918
423,28.37177016118773,-23.390825270428465,-0.43727796790367
424,28.874077614342827,-23.556153983122503,-0.35114246186694364
425,29.371145452745235,-23.70366340276402,-0.3804752117533825
426,29.89500831341127,-23.96147052516396,-0.36480220817410647
427,30.40924576055652,-24.186467110561843,-0.30793045719026724
428,30.893600932810056,-24.29293472301397,-0.21227158385405298
429,31.399932589633206,-24.493655353719603,-0.32126045963783634
430,31.878062525619075,-24.584518004093894,-0.24922325997373207
431,32.35395903182378,-24.671757963349858,-0.07540773129278566
432,32.830163607916916,-24.76410774718793,-0.2527577191580881
433,33.3051738903023,-24.859417254367962,-0.09470929091253355
434,33.74953125554054,-24.836004827193292,-0.002786212867389004
435,34.22809479069391,-24.951957632991817,-0.24000889294825667
436,34.68058817291863,-24.975515132523586,-0.028996291998190316
437,35.129423874096105,-24.98638222591603,0.08326112843500644
438,35.57619034164787,-24.99552806099212,0.06444131609945414
439,36.01644116294501,-24.98590838370549,0.02280642018444956
440,36.45086877699433,-24.959557795571374,0.00942978647582704
441,36.86190443263496,-24.857309142606365,0.39611120788560283
442,37.29802219443624,-24.841252615063187,0.1961619989386545
443,37.71134079361819,-24.7566468539381,0.40743386605581255
444,38.12015585191564,-24.659796970585468,0.1476037247273294
445,38.52599727584279,-24.55946782016916,0.27913689405671427
446,38.908816835776136,-24.390448641636695,0.49644758021220614
447,39.30640350724147,-24.267057599371928,0.2833481173614061
448,39.6944389723348,-24.119875142837333,0.5243967188563996
449,40.08755922508171,-23.986516385776596,0.4186805725369047
450,40.43794635281727,-23.745359785534983,0.6260471326456063
451,40.81937201370551,-23.579184196088768,0.4285734720215193
452,41.19387570697732,-23.397458714538377,0.5099094078184336
453,41.50811191682528,-23.083763690452603,0.6053212629468803
454,41.90023690732191,-22.924868196808717,0.6407317301920958
455,42.21704893231375,-22.622794468613804,0.8554120670988774
456,42.556607506769865,-22.356298931149475,0.7303847051314007
457,42.86978421781923,-22.047438189089213,0.7073775788737562
458,43.175325712325915,-21.727502043938983,0.9089248220249084
459,43.52170074594361,-21.4522505459614,0.7231476661656755
460,43.79025665805325,-21.08377784617539,1.1017723233494108
461,44.07926926203795,-20.73402971303265,0.9649271299816942
462,44.389630595060936,-20.394373594256287,0.8557894612939556
463,44.70996780061164,-20.049517093139254,0.9515633219889281
464,44.97029765939609,-19.656898923097497,0.9822757396087232
465,45.2420431817217,-19.263052009549412,1.037446249632123
466,45.485992111634374,-18.849594279213196,1.0386501572243256
467,45.79638669924501,-18.44753001810531,0.8442704976884388
468,46.00939363346843,-18.00848878642911,1.2324755364882947
469,46.3072011811101,-17.572930975242127,0.9027515511582092
470,46.483098477555004,-17.113901230914216,1.2039400402384342
471,46.72880377700269,-16.64986871494194,1.1463060504232878
472,46.94112636935472,-16.176118612874426,0.9334426785094978
473,47.12528668727931,-15.694603731150343,1.2484099379743228
474,47.41815029463211,-15.191354213017327,0.9840725889169812
475,47.52469910272615,-14.699478676313248,1.4193064313603472
476,47.726201817813724,-14.184259953134728,1.0767636368746114
477,47.986379285414856,-13.64881113155354,1.1933528895436574
478,48.10741294392615,-13.128128556924745,1.439471331446315
479,48.29611624263139,-12.583430518601082,1.0734935440537594
480,48.4335445177675,-12.042394179771568,1.4635418182269122
481,48.631264727021765,-11.475160901116068,1.2127321538142644
482,48.72623653405933,-10.927798582849768,1.4459595640409253
483,48.75493722029504,-10.394782921565865,1.42842568468199
484,48.951683224522675,-9.798596856755758,1.2603779240734383
485,49.119710901968055,-9.20108342082674,1.6316297292298403
486,49.236017287396166,-8.613052709862355,1.3458092817463019
487,49.2844547910436,-8.042580603906648,1.4198209054625792
488,49.43978564822154,-7.422548577381097,1.519974551298116
489,49.51897930169276,-6.826086587115801,1.3985537430023802
490,49.62527528573359,-6.2087783393655425,1.5492641602382164
491,49.68975734669347,-5.602594142571912,1.3419908299095082
492,49.77966462004048,-4.978885758130789,1.4625178113188584
493,49.831434581699284,-4.364047531894273,1.5051095537643029
494,49.85975590022978,-3.7546708814939525,1.5331821703731592
495,49.9409153474717,-3.114712630290532,1.3766724100103414
496,49.93430097549761,-2.5100897083130342,1.665809206981626
497,49.92283431003798,-1.9045352479447375,1.5616061464669881
498,49.99295979274589,-1.2514026317282423,1.4514321311641165
499,49.99877037174124,-0.6266854646578793,1.675451668736847
500,50.00001978958136,-9.711741199948393e-05,1.5461980434150702
